Hashtag,Count
imgrc,6
fid,1
confession,1
adulting,6
twins,1
notreligiousanymore,1
superoriginal,1
dadjokes,1
existentialquestion,1
Creekside_Park,1
Vancouver_,1
B0OGI9HKKGR7sG1,1
Home,2
mode,2
retail,1
clubmonaco,1
africa,1
blagueDePsy,1
analyse,1
Eponge,1
dopamiiiine,1
strangerdanger,1
Agendexit,1
im14andthisisdeep,1
profundo,1
NetflixKilledTheVideoStore,1
guttastemning,1
jenteproblemer,1
couplegoals,2
totallyworthit,1
fishingforcompliments,1
plottwist,1
RSD15,1
4ldqpfp,1
freecuddles,1
solotraveling,1
win,1
foreplay,1
snikskryte,2
frodohadbetterweather,2
haraldriknukketnoe,1
therealSiDD,1
familifirst,1
digitalnomad,1
heforshe,1
denfølelsen,1
spennende,1
ikkelkedeligidetheletatt,1
klisje,1
callherdaddy,2
ThisIsTheFutureOldMan,1
mastermind,1
selfmade,1
ehrenfrau,2
notlikeothergirls,1
np,7
SoundCloud,7
FREENELSONMANDELA,1
bringbackjojivlogs,1
engineerlife,1
winning,7
dramaking,1
GetOnMyLevelOfNerd,1
imgreatatconversations,1
godbless,1
glaubdubischtheone,1
wetschhürate,1
genauschribschmerabereintagspöterzrugg,1
rtlnauseitdsischeszeichevomangelndeminteresse,1
hoe,2
toe,1
itsabadpun,1
ichbinsoschlechtimreagiereufkomplimentsorry,1
icameontindertohaveagoodtimeandihonestlyfeelinglikesuchaslothrightnow,1
stopslothshaming,1
timeisanillusion,1
impressivestuffisimpressive,1
nippy,1
nofilter,1
confessions,1
bless,1
goals,3
political,1
ThatsTheJoke,1
JustITThings,1
supercool,1
pivot,1
guiltypleasures,1
lifehack,1
wildassumptions,1
quarantinelyfe,1
gains,1
audioslave,1
socialdistancing,1
FancyPrivateSchool,1
HotCrossBunsLyfe,1
phrasing,1
TooMuchTooSoon,1
boundaries,1
thehorror,1
fahncy,1
hipster,2
KnewIt,1
punctual,1
MeToo,2
E50B10,1
E5100B0C1004,1
tallpeopleproblems,2
NoRegrets,2
unrelated,1
FolkAintCountry,1
endColonization,1
crazyMarines,1
scary,1
lame,1
messy,1
tree,1
LIBERATE,1
FlG6JlW,1
thotlyf,1
mutualrespect,1
cultured,1
firstworldproblems,5
flexgirl,1
자극,1
respect,1
slimthicc,1
nike,1
justdoit,1
nerds,1
sext,1
notacop,1
waystoloseatinderdate,1
sarcasm,1
fourmoreyears,1
0000FF,1
stayathomedrinkingskypecall,1
stayhome,2
stayhomehosszú,1
deep,1
nipsoutforharambe,1
nooffense,1
nopressure,1
teamslytherin,1
teamgriffindor,1
Classic,1
grind,1
guilty,1
WeAreAllExeter,1
ManWithAPlan,1
Stereotypical,1
ikkehøydepress,1
janteloven,1
justdragfjelletthings,1
fancy,1
nerd,2
biblethumper,1
americandream,1
blessed,2
honte,1
ganggang,2
killerjokes,1
truth,1
hustle,1
cool,1
independent,1
gschmeidigerthemenwechsel,1
ricesnob,1
lovebeingtheoldest,1
Plato,1
NoBraDay,1
noPedo,1
SaveOurForests,1
joke,1
NoFires2020,1
zygotelyfe,1
notallgolfers,1
priorities,1
DaddyIssuesForTheWin,1
socialjusticewarrior,1
justsayin,1
prankd,1
hashtag,1
do,1
s,4
scared,1
notgood,1
NoFilter,1
healthyeating,1
WhiteClothesMatter,1
map,1
ChinkoProblems,1
ftk,1
livingthedreamofa40y,1
walrusyes,1
FÉ,1
paidepet,1
refutada,1
FAÇODIREITO,1
respeitsdoresdequarentena,1
fé,1
farialimer,2
cult,1
cinefilo,1
medicinier,1
homeownerthings,1
TRUMP,1
WeBothSwipedRight,3
TeamAnnie,1
midlifecrisis,1
nohomo,7
newstart2021,1
recomand,2
opulenta,1
doublestandards,2
suferinta,1
boierie,3
boiereie,1
sefalabani,1
experienta,1
batranetea,1
sclavete,1
doobetenfipitenfund,1
smecherie,1
paisanfatigue,1
sarakii,1
sarakie,1
sarak,1
normalizemisanthropy,1
dadwin,1
brand,1
PolygamyProblems,1
sousgareforlyf,1
TeamMontagne,1
teammontagna,1
badchemistryjokes,1
amirite,2
conspiracy,1
oszukaćprzeznaczenie,1
conspiracytheories,1
głębokie,1
nie,1
wiem,1
co,1
to,2
udław,1
się,1
o,1
hój,1
chodiz,1
z,1
tymi,1
hastagami,1
lubie,1
relationshipgoals,2
marek,1
łowca,1
szparek,1
nikogo,1
justcovidthingz,1
MAGA,3
GUNS,1
MERICA,1
justgirlythings,2
luckynumber,1
mydicksizeinfeet,1
S01E01,1
onlySki,1
HablaconTuTinder,2
quarantaine,1
Ñoño4Ever,1
Early_history,1
mancrushmonday,1
chemistryjokes,1
goldeninsults,1
brag,1
captainoftheuofiqudditchteam,1
puffgang,1
clunkydmslide,1
thehashtagprobmadeitworse,1
ilikemakingthingsawkward,1
whoworeitbetter,1
arrogance,1
TeamJacob,1
divergent,1
aesthetic,1
killme,1
metal,1
gore,1
goreporn,2
teamiphone,1
introvertpower,1
proud,1
Vellenial,1
Repunantiño,1
lookingfortips,1
ratchet,1
mercigroupon,1
feriadou,1
alive,1
ForaBolsonaro,1
EstamosComVoceMah,1
sociologie,1
JeSuisChacha,1
MMM,2
ThugLife,1
Sapinsexuel,2
Femme,1
putaclick,1
Selfestim,1
t,1
VieEstDure,1
boomer,1
JeSuisJalousie,1
confiture,1
invinoveritas,1
mecprévoyant,1
PourLaScience,1
philosophie,1
transparence,1
MétierPassion,1
CallMeMadame,1
thuglife,1
Rémi2016,1
narcissisme,1
jesuisjalouse,1
patriarcat,1
pourlascience,1
babtou,1
raffinement,1
hangover,2
hetoo,1
romance,1
thewalkingdead,1
yeet,1
dada_rules,1
lifegoal,1
dreambig,1
realproblems,1
nosolution,1
whoarewe,1
whatdowedo,1
sonemusterschüeler,1
garnidarrogant,1
personneabesoinauxaccents,1
plagiericheibdu,1
überhouptnidgrosskotzet,1
exgüse,1
peutetereunpeutexagere,1
zdravzivot,1
noprincess,1
simplicity,1
wearblackleadcolorfullife,1
schubladendenken,1
GodSquad,1
VoteLeave,1
SorryNotSorry,1
SausageFest,1
movetoboys,1
MixedGang,1
CancelEllen,1
ridinwithbiden,1
WinnersNeverQuit,1
VoteRobbins,1
esalabia,1
egoboost,1
foreveraloner,1
avvärjd,1
Koti,3
transgoald,1
transgoals,1
3dip5me,1
autist,1
metoo,9
elenão,1
vocesim,1
ad,1
nerdlife,1
turkishdickpitality,1
mood,1
internationalproblems,1
tgif,1
stolt,1
yolo,4
gs,1
menacing,1
abortmission,1
télétravail,1
graziecovid,1
couvrefeu,1
holidays,1
blm,1
superichauchnicht,1
paleisbeautiful,1
thisisjohns,1
transferableskills,1
I,1
aldisessentials,1
riskyopeninglines,2
11b,1
AtomicBeard1354,1
70inches,1
networkwhilenaked,1
today,1
sisterwifeszn,1
brotherwife,1
wholesomememes,1
healthy,1
passionpleinair,2
Pickuplines,1
justbrainthings,1
ennen,1
päteminen,1
bestCustomerService,1
protožeFbJeMocMainstream,1
regrets,1
crunchywins,1
barelylegalforsetroppobarely,1
barely_legal,1
feelinglikesuperman,1
triggered,2
life,1
Mathematics_and_numbers,1
postcovidtings,1
commission,1
me2,1
labormensch,1
nomad,1
threesome,1
daddygang,1
lifelikestoshitonme,1
lockhartexperience,1
lockhartexperiences,1
heartbroken,1
sadlife,1
covid,1
itscomplicated,1
LGBTEQUALITY,1
greekbeauraceacy,1
funemployed,1
postcoronaplans,1
bossbitch,1
greatmikeysthinkalikeys,1
singleawarenessday,1
yesfun,1
coronahobbies,1
pseudosmoothcomplimentje,1
tinderproblems,1
tindersamenvattingen,1
tindersamenvattig,1
letmewin,1
mohsegeej,1
meandyou,1
dramaaaaaaaaaaaaa,1
daddyissues,1
ourlittlesecret,1
sorrynotsorry,1
coronaparty,1
knowyourclassics,1
cocktailstruggles,1
datenights,1
puppyeyes,1
yourloss,1
wrongnumber,1
praatmettinder,1
amen,2
Metoo,1
happywomensday,1
notallmen,1
noodles,1
l,1
NerdLife,1
value,1
gingerlyf,2
yogagirlsummer,1
godthåndværk,1
selvgjortervelgjort,1
hacks,1
notanalcoholic,1
dummeparkering,1
randosdetgørIbar,1
askingforafriend,1
haaaaaveyoumet,1
omena,1
Ihavethebestwords,1
hvormangedesignvirksomhederkanderværeikbh,1
nottheherowedeserve,1
pwetty,1
vivelarévolutiondel,1
litsincebeforeitwasathing,1
fuckeinstein,1
Hvemernørdennu,1
blochchainfoamroller,1
aipoweredkinesiotape,1
vildidagsygimorgen,1
dundunduuuuun,1
bumbumbum,1
walkslikeaducktalkslikeaduck,1
jegkikkerpåfugle,1
avpåskuldrene,1
vigtigviden,1
takpia,1
sunsoutbunsout,1
dumbamerican,1
quirky,1
selflove,1
topnotchdopamine,1
brewersgonewild,1
covidops,1
frustrate,1
winningandsinning,1
stayinhumblewhenyousexy,1
feminism,2
thesnuggleisreal,1
staywoke,1
ckin,1
feeltheburn,1
lawyered,1
lawschool,1
jesuisutile,1
Seb,1
womensEquality,1
teamsims2,1
zimnasuka,1
nightdrive,1
teammaryjka,1
teamsativa,1
krotkidzienwpracy,1
okultyzm,1
paranormalne,1
newage,1
homeoffice,1
teamtea,1
teamcoffee,1
sneakerhead,1
pasta,1
teamcanon,1
teamgeralt,1
teamautobusy,1
teamnosub,1
tylkośmiesznefury,1
takbylo,1
tylkoszybkiespotkania,1
wengerout,1
feelthebern,1
pride,1
foolishlypride,1
3181massive,1
deadtome,1
freebritney,1
allorgasmsmatter,1
salmontaco4lyf,1
fakenews,1
squadgoals,1
justsaying,2
southsidelyf,1
adultlyf,1
fullytested,1
just80sthings,1
nurselyf,1
thatsscience,1
scottnofriends,1
bagels4lyf,1
agreed,1
general,2
ally,1
triplecitizen,1
flex,1
journey,1
crushingit,1
gothrelationshipgoals,1
fakegeekgirl,1
maga,2
fuckdonaldtrump,1
leadership,1
bluelivesmatter,1
prettygirlsuglyfaces,1
makeamericagreatohgodicantevenfinishit,1
immigrantproblems,1
millenials,1
red,1
live,1
number,1
AllPizzasMatter,1
dzientindera,1
freud,1
elenao,1
Irresistible,1
ElleEtaitMocheDeTouteFacon,1
dadbodbestbod,1
JustLockdownThings,1
wptab,1
gotcha,1
Revenge,1
ExpatLife,1
dissapointed,1
PrayForNacho,1
facts,1
heatproud,1
teamlaurenz,1
justlandthings,1
piekłomężczyzn,1
typowo,2
takaprawda,2
powaznebadanianaukowe,1
filozofiaxd,1
mowiejakjest,1
selfproclaimedhyperbole,1
toomanyfungames,1
fucktheuniverse,1
strateg,1
oszust,1
GoodSkinIsAchievable,1
GlowingSkinIsAchievable,1
SmoothSkinIsAchievable,1
MamaIstStolz,1
סליחה,2
עדמתי,1
comefollowmeh,1
team,2
lost,1
Domov,1
coronanetineincasa,1
genderequality,1
humblebrag,1
oldman,1
fredagsmys,1
sharknadomovienight,1
failure,1
neverforget,1
shamelessplug,3
humansareinherentlygross,1
tattoos,1
kutsumustyössä,1
nainenjokasyö,1
grownupshit,1
lisaaika,1
koronatimes,1
aikuisuus,1
parisuhdegoals,1
monologi,1
gymthoughts,1
vaccinated,1
deusfamilia,1
covidei,1
notacoworsomthingintheass,1
BSP2020Tay,1
teamcatfish,1
friendzoned,1
letsjusttravelandsee,1
baaaadgirl,1
badgirl,1
dowhateveryouwant,1
toocreative,1
derde,1
foto,1
vetej,1
serie,1
spelen,1
standaardengelseserie,1
rol,1
tschaep,1
googlede,1
teamtapas,1
crazy,1
goodvibesonly,1
beurettedeluxePrefereLesBarsAuxKebabs,1
TeamVraieVie,2
cMaPremièreDisquetteDe2019TFlattéOuPas,1
vousAvezDitZeroPersonnalité,1
munchielife,1
insomnia,1
alluninati,1
aluminati,1
teamnosleep,1
e,1
hotgirlsummer,1
basic,1
notme,1
1s,1
worthit,1
YOLO,1
European,1
honoraryerupean,1
alliteration,1
mmm,1
Renuncia,1
tinder,1
banana,1
livinglavidaloca,1
kreisibailaus,1
fml,1
rocketID,1
laura,1
smooth,1
funfact,1
langlevewhatsapp,1
ResponsibleGang,1
strever,1
tossable,1
stalker,1
onzeker,1
TaggaSommar,1
hubbymaterial,1
longgame,1
logical,1
bfmaterial,17
gfmaterial,2
wifeymaterial,2
segue,1
ravid,1
dachel,1
disclaimer,1
romantic,1
ReplyingToMessagesInReverseOrder,1
IronicHashtag,1
ilovegoats,1
noghosts,1
leftrightweakness,2
ohnegleitgelmitanlauf,1
blutznfetz,1
surelyfakeprofile,1
swipetotheleft,1
nurumaufnummersicherzugehen,1
proudimmigrant,1
struggles,1
DontSwipeAndDrive,1
romancekilledbyautocorrect,1
Blues,1
FutureBillionaire,1
tacticalcrop,1
shameless,1
shamelessdoubletext,1
