Job,Count
False,34
Software Engineer,33
Engineer,8
Software Developer,7
Student,7
PhD Student,5
Consultant,4
Barista,4
Research Assistant,3
Accountant,3
Mechanical Engineer,3
Writer,3
Software engineer,3
Civil Engineer,3
Web Developer,3
Business Owner,2
Trader,2
Unknown Job,2
Programista,2
Étudiant,2
Developer,2
Owner,2
Data Scientist,2
Android Developer,2
Machine Learning Engineer,2
Server,2
Entrepreneur,2
software developer,2
Grad Student,2
Empreendedor,2
Project Manager,2
Sales,2
Software developer,2
Manager,2
Ingénieur,2
Analyst,2
Speech pathologist,1
Fachinformatiker für Systemintegration,1
Full Stack Web Developer,1
Media Analyst,1
Majitel webu,1
Product Owner en Mede-eigenaar,1
Security Officer,1
Programming,1
Ingenieur Apprenti,1
Environment Artist,1
Kunst underviser,1
Music Project Manager,1
Civilingenjör,1
Technical Intern,1
Digital nomad,1
Medstudent,1
Office Production Assistant,1
Ethical Hacker,1
IT Marketeer,1
English Teacher,1
,1
Senior Innovation Manager,1
Video Production,1
Metal Fabrication,1
Boss par intérim,1
Swim instructor,1
IT Security Analyst,1
Dog Walker,1
Software Development Consultant,1
Product Manager,1
Technology Strategy Analyst,1
Corporate Risk Management & Legal Enforcement,1
Engineering Manager,1
Electrician,1
Executive Director,1
covid officer,1
Yazılım Mühendisi,1
Konsulent,1
a PM of sorts,1
Research Technician,1
tillfälligt i produktion,1
Pilot,1
Management,1
Operations Research Analyst,1
Firefighter,1
Ho A Che Fare Con I Turisti.,1
Live Video Engineer,1
EMEA Project Manager,1
Scientist and Lecturer,1
"Student generalist 3D, graphic design",1
3d animator,1
Driver,1
Receptionist,1
Lyft,1
Industrial designer Intern,1
ceo of racism,1
DevOps,1
McDonald's,1
Operations Manager,1
Business Manager,1
Head,1
Private Equity,1
Civil Designer,1
Snake Charmer but not really,1
"co-founder, product developer",1
Retail worker,1
PhD Chemist,1
я самогонщик,1
Commodity trading,1
nightcore listener 2012,1
IT Helpdesk Engineer,1
Eventhulpverlener,1
Graduate Research Assistant,1
Medicinal Chemist,1
IT Kaufmann,1
Product Engineer,1
Surgery Dept,1
Application Development Analyst,1
Digital Project Manager,1
Strategic Planner,1
Technology Consultant,1
Video Editor,1
student,1
Professional Model and Writer,1
CR Writer,1
It Helpdesk,1
Graphic designer,1
Management consultant,1
Senior in Computer Engineering,1
carer,1
maths tutor,1
Audit Senior,1
"Owner, Serial Social IT Entrepreneur",1
Law Student,1
Cyber Security Technician,1
Was mit Computern,1
Master Mechanic,1
PhD Data Scientist,1
Software Developper,1
Graduando,1
B Ing.,1
professional dick rider,1
Big boy job,1
graphic designer,1
Rechtsreferendar,1
Robotics Engineer,1
Quant,1
Egenföretagare,1
UX Designer,1
Data Analyst & Software developer,1
Director of Technology,1
woke bae,1
Engineering,1
IT Technician,1
PhD student,1
Pengar,1
Works,1
CNA,1
Marketing Manager,1
Vagt på Kongelige Slotte og Palæer,1
accountant,1
Programmerare,1
Enseignant,1
Analista de sistemas de automação,1
Hedge Fund Quant Trader,1
Senior Designer,1
Licensed Real Estate Salesperon,1
Designer Gráfico,1
Global trials coordinator,1
Parts Advisor,1
Production Coordinator,1
Exhibit Designer,1
JD Student at University of Michigan,1
Wage slave at late stage capitalism,1
Customer Service Analyst,1
Team Leader,1
Project Engineer,1
Engineering Intern,1
Business Analyst,1
Tjener,1
Senior TPM,1
Ski Instructor - Entrepreneur,1
"Planarkitekt, Stadsplanerare",1
Audit Associate,1
Apputvecklare,1
Cadet,1
Property Management,1
Hardware Developer,1
Sivilingeniør,1
Ingenieur,1
Video Ingenieur,1
Rennmechaniker,1
"philosophie, design, theater",1
Graduate Student,1
Senior Software Engineer,1
Technical Software Architect,1
Systemvetare,1
Master International Business,1
Intern,1
Farmaceutický analytik,1
Clinical Social Worker,1
Research & Development Engineer,1
Materials Engineer,1
"Trust Me, i am a Engineer",1
Webdev,1
Web Dev,1
Associate Program Manager,1
Investor,1
30 euro vom flaschensammeln entfernt,1
Peasant Manager,1
Chargé de traitement statistique,1
Producer,1
Professor,1
Photographer,1
Software Engineering Manager,1
IT Engineer,1
בצבא,1
Plant Engineer,1
Researcher,1
World Class Nap Taker,1
Environmental Science student,1
Med Student,1
"Engineer, Axe throwing instructor",1
Socio,1
Content marketing consultant,1
Property Manager,1
Développeur Web,1
Brow Waxing Expert,1
Technology Analyst,1
CEO,1
Chemist,1
Medical Care Technician,1
Architecte IT,1
Sr. Director,1
Product designer,1
Scientist,1
Physician,1
Admin,1
Industrial Engineering Student,1
Anlagenmechaniker,1
Fusion Engineer,1
Pfizer Vaccine Distributor,1
Energy Trader,1
Редактор.,1
Marketing & Business Development Manager,1
Graphiste Motion Designer,1
Systemutvikler,1
Software Engineer Intern,1
App Developer,1
Truss Designer,1
Marketing,1
Teacher,1
Therapist,1
Paralegal,1
concept artist,1
Robot,1
"Web Designer, CRO",1
Website Programmeur,1
"Dev Front-End, futuro Psicólogo",1
Project Development Officer,1
webbutvecklare,1
Home Theater Agent,1
Sound Engineer,1
Bas,1
very tall,1
Financial Tech,1
Electromancer,1
123,1
System Engineer,1
Scrummaster- TECDP Lead Analyst,1
Öffentlicher Dienst,1
Line Cook,1
Psychology student,1
Founding Designer,1
Data Analyst,1
Computer Science,1
Self-Employed,1
Teacher and Musician,1
systems engineer,1
"Software Developer, Informatikstudent",1
Game Developer,1
Biologielaborant,1
IT,1
IT-tech,1
Dental Student,1
Specialty Service,1
Computer Engineer,1
Ohjelmistokehittäjä,1
Radiology Researcher,1
Service Coordinator,1
Artist,1
Softwaredeveloper,1
poker player,1
Masterstudent Informatik,1
PhD in Computational Biology,1
Defence Consultant,1
Mycologist,1
Technical Artist,1
Etudiant,1
Financial Markets,1
Interior architect,1
打工仔,1
Geschäftsführung,1
Webdesigner & Developer,1
Prediction Market Trader,1
DevOps Engineer,1
Village Idiot,1
Trucker,1
Servicedesk,1
Studente Ingegneria Biomedica,1
Chemical Engineer,1
Manufacturing,1
Office Manager,1
Sidi,1
Informatikstudent,1
"Opiskelija, historia",1
Imaging Analysis Technician,1
Macgyver,1
Lifeguard,1
Marketing Intern,1
Paraeducator,1
Software engeneer,1
"Student, Research Assistant",1
ig. okkedries,1
Data Analyst & Developer,1
Jurist,1
Pizza Maker,1
Finance,1
Astronaute,1
Drone Engineer,1
